sample_id,width,height,ground_truth_foreground_pixels,predicted_foreground_pixels,true_positive,true_negative,false_positive,false_negative,dice,iou,precision,recall,specificity,balanced_accuracy,pixel_accuracy,mcc,binary_cross_entropy,foreground_area_error_percent
3bfa8b3b01fd24a28477f103063d17368a7398b27331e020f3a0ef59bf68c940,320,256,20728,22422,18559,57329,3863,2169,0.8602085747392816,0.7547070066284413,0.8277138524663277,0.8953589347742185,0.9368708327885998,0.9161148837814092,0.9263671875,0.8114857762987524,0.17822218212511726,8.172520262446932
8e8a7a14749d0b2e48de3d10e2e80063f17b165ad921c8afc0623f08500f3259,256,256,2347,3320,2206,62075,1114,141,0.7785424386800777,0.6373880381392661,0.6644578313253012,0.93992330634853,0.9823703492696514,0.9611468278090907,0.9808502197265625,0.7814953934196668,0.051639622329801814,41.45717937792927
af8621ef0db8c26b0bce6385bd5609b584bfd678fcf7a234b8a15e6bb05c15ac,256,256,5179,5083,4974,60248,109,205,0.9694016760865328,0.9406202723146747,0.9785559708833366,0.9604170689322263,0.9981940785658664,0.9793055737490464,0.995208740234375,0.9668526000690705,0.011975133829499855,1.8536396987835488
f4b7c24baf69b8752c49d0eb5db4b7b5e1524945d48e54925bff401d5658045d,320,256,5142,1731,1731,76778,0,3411,0.50371017023134,0.33663943990665113,1.0,0.33663943990665113,1.0,0.6683197199533255,0.95836181640625,0.56773216037399,0.2030619958326553,66.33605600933488
f20eb4592e7d3cf58d421a9c34832d33adcdcbd0e17b7bf009a013847608da27,256,256,4645,4789,4578,60680,211,67,0.9705321178715285,0.9427512355848435,0.9559406974316141,0.9855758880516685,0.9965347916769309,0.9910553398642997,0.995758056640625,0.9683782131843447,0.010656960550075196,3.10010764262648
24a20f2a529cede5695df2422a3986505b5826bb10b10781d6db2074cf3de7b3,320,256,4908,5211,4536,76337,675,372,0.8965312777942485,0.8124664159054272,0.8704663212435233,0.9242053789731052,0.9912351321871916,0.9577202555801484,0.98721923828125,0.8901801552689215,0.04594418758744046,6.17359413202934
f9ac03b0344ce8c48bc058448541f9211a1e5f4c94fdaf633dd534328d8610ab,256,256,3100,3250,3071,62257,179,29,0.9672440944881889,0.9365660262275084,0.944923076923077,0.9906451612903225,0.9971330642578,0.9938891127740612,0.996826171875,0.9658750107520426,0.008141127372593655,4.838709677419355
1e61ecf354cb93a62a9561db87a53985fb54e001444f98112ed0fc623fad793e,256,256,955,963,905,64523,58,50,0.9436913451511991,0.8933859822309971,0.9397715472481828,0.9476439790575916,0.9991019030364968,0.9733729410470442,0.99835205078125,0.9428635959773992,0.005636888929718905,0.837696335078534
6c67b78e8164801059375ed9a607f61e67a7ae347e92e36a7f20514224541d56,320,256,20385,27940,20193,53788,7747,192,0.8357165028453182,0.7177946822124271,0.7227272727272728,0.9905813097866077,0.8741041683594702,0.932342739073039,0.90308837890625,0.7885785953406341,0.2670517884052789,37.06156487613441
56d0da5b663ddd49955478c00ca03118c367ff7dd6a646b8c875b0acb207d1c5,360,360,38040,36739,36172,90993,567,1868,0.9674373821527434,0.9369285362758049,0.9845668091129317,0.9508937960042061,0.9938073394495412,0.9723505677268737,0.9812114197530865,0.95452485133208,0.05094412651795311,3.4200841219768665
11a0170f44e3ab4a8d669ae8ea9546d3a32ebfe6486d9066e5648d30b4e1cb69,256,256,1738,1781,1669,63686,112,69,0.9485649332196647,0.9021621621621622,0.9371139809096013,0.9602991944764097,0.9982444590739522,0.979271826775181,0.9972381591796875,0.9472208073497674,0.006560741750467681,2.4741081703107017
1b6044e4858a9b7cee9b0028d8e54fbc8fb72e6c4424ab5b9f3859bfc72b33c5,256,256,5675,5814,5498,59545,316,177,0.957089389851162,0.9177098981806042,0.9456484348125215,0.9688105726872247,0.99472110389068,0.9817658382889524,0.9924774169921875,0.9530511907687285,0.01880639675754448,2.449339207048458
4a424e0cb845cf6fd4d9fe62875552c7b89a4e0276cf16ebf46babe4656a794e,256,256,11678,12576,11120,52402,1456,558,0.9169621505731014,0.8466575300746155,0.8842239185750637,0.9522178455214934,0.9729659474915519,0.9625918965065225,0.969268798828125,0.8990671096348176,0.08149157414605449,7.689672889193355
e321cfa987e77c21373a0f8b1236c83d6636306949a82a7f5b07fc0838e7777f,256,256,2935,3125,2807,62283,318,128,0.9264026402640264,0.8628957885029204,0.89824,0.9563884156729131,0.9949202089423491,0.9756543123076311,0.993194580078125,0.9233376417129769,0.01693039874966368,6.473594548551959
8d9b4205ddb10fa49a2973b4f3a2dc6923407ae015081e1a52c4b4c2fe8faa53,256,256,4320,4453,4236,60999,217,84,0.9656901857973327,0.9336566012783778,0.9512688075454749,0.9805555555555555,0.9964551751176163,0.9885053653365858,0.9954071044921875,0.9633567714135877,0.012271952098843056,3.0787037037037037
6f8197baf738986a1ec3b6ba92b567863d897a739376b7cec5599ad6cecafdfc,696,520,38175,40538,37921,321128,2617,254,0.9635257200208351,0.9296185526573838,0.9354432877793675,0.9933464309102816,0.9919164774745556,0.9926314541924186,0.9920673076923077,0.9596243457093953,0.02140175712164735,6.189914865749836
d7ec8003735996458b56ccb8ae34d080eb2a6adabef931323239632515b4b220,256,256,645,628,584,64847,44,61,0.9175176747839748,0.8476052249637155,0.9299363057324841,0.9054263565891473,0.9993219398683947,0.952374148228771,0.9983978271484375,0.9167922411763725,0.005939013162239026,2.635658914728682
1e488c42eb1a54a3e8412b1f12cde530f950f238d71078f2ede6a85a02168e1f,320,256,15808,16756,11288,60644,5468,4520,0.6932809237194448,0.5305508554239519,0.6736691334447362,0.7140688259109311,0.9172918683446273,0.8156803471277791,0.878076171875,0.617685077078218,0.2546086091593963,5.996963562753036
942d56861fc83e195e9c559a000bb86627d8682f8dcc2300818458e5b6850dd0,256,256,11035,12526,10709,52684,1817,326,0.9090446076142779,0.833255524431995,0.8549417212198627,0.9704576347983688,0.9666611621805105,0.9685593984894396,0.9673004150390625,0.8918625902984882,0.08652211580744622,13.51155414589941
2dec81a678ddcac2b110acffe82427d857695180bd841e3f9736a554acf832af,696,520,41311,41879,40667,319397,1212,644,0.9776896261569901,0.9563530324765421,0.9710594808854079,0.984410931713103,0.9962196943941062,0.9903153130536047,0.9948717948717949,0.9748217275059601,0.013037963486628558,1.3749364576020915
d1b173875e2261f55014bd27bd7174b9ae1c769338c1b31b5d737e9e60175993,256,256,1381,1420,1371,64106,49,10,0.9789360942520529,0.9587412587412587,0.9654929577464789,0.9927588703837799,0.9992362247681397,0.9959975475759597,0.9990997314453125,0.978575270320298,0.00255533804248826,2.8240405503258508
b1e3aeb0c56261c17eb71c747d116057b8da7e8c8a6845bdc01b2b3ee2299229,256,256,2552,2277,2185,62892,92,367,0.9049492648581486,0.8263993948562783,0.9595959595959596,0.8561912225705329,0.9985393115711927,0.9273652670708628,0.9929962158203125,0.9029048723829322,0.02689559189422907,10.775862068965518
10328b822b836e67b547b4144e0b7eb43747c114ce4cacd8b540648892945b00,256,256,3973,3984,3803,61382,181,170,0.9558878974487872,0.9155031295137217,0.9545682730923695,0.9572111754341808,0.9970599223559605,0.9771355488950706,0.9946441650390625,0.9530379424779196,0.015884385083906744,0.27686886483765416
619429303c1af7540916509fe7900cf483eba4391b06aac87ff7f66ca1ab6483,256,256,8980,5567,5400,56389,167,3580,0.7424211177562384,0.5903574942604133,0.9700017962996228,0.6013363028953229,0.9970471744819294,0.7991917386886261,0.9428253173828125,0.7380454214205134,0.20866432873194862,38.00668151447662
ecb36c90cdd20245d89173c106f3c6a2d124d07bdea0ae202fb1efa49b0cd169,696,520,80280,78350,76673,279963,1677,3607,0.96668978125197,0.9355271666849689,0.9785960433950224,0.9550697558545093,0.9940455901150405,0.9745576729847749,0.9854000884173298,0.957459038235896,0.03763773416316691,2.4040857000498255
853a4c67900c411abd04467f7bc7813d3c58a5f565c8b0807e13c6e6dea21344,320,256,28255,37442,27938,44161,9504,317,0.8505106778087279,0.7399030694668821,0.7461674055873083,0.9887807467704831,0.8229013323395137,0.9058410395549984,0.88011474609375,0.7745100104858761,0.2899975826723194,32.51459918598478
8cdbdda8b3a64c97409c0160bcfb06eb8e876cedc3691aa63ca16dbafae6f948,696,520,53056,45832,43718,306750,2114,9338,0.8841922174581345,0.7924234185245604,0.9538750218188166,0.8239972858866104,0.9931555636137588,0.9085764247501846,0.9683576480990274,0.8690920727829466,0.10172106574463174,13.615802171290712
237802ac5005f9cf782367156c46c383efd9e05088e5768ca883cbbe24abadb1,256,256,1021,1010,985,64490,25,36,0.9699655342195963,0.9416826003824091,0.9752475247524752,0.9647404505386875,0.9996124932186313,0.9821764718786594,0.9990692138671875,0.9695075011378432,0.002643248868618377,1.0773751224289911
947c0d94c8213ac7aaa41c4efc95d854246550298259cf1bb489654d0e969050,320,256,11918,14282,11102,66822,3180,816,0.8474809160305343,0.7353291826732018,0.7773421089483266,0.931532136264474,0.9545727264935288,0.9430524313790014,0.951220703125,0.8234782662523685,0.11467564566036192,19.83554287632153
220b37f4ca7cab486d2b71cd87a46ee7411a5aa142799d96ed98015ab5ba538a,320,256,209,496,208,81423,288,1,0.5900709219858156,0.41851106639839036,0.41935483870967744,0.9952153110047847,0.9964753827514043,0.9958453468780946,0.99647216796875,0.6448706161615829,0.010386720132543008,137.32057416267943
fd8065bcb1afdbed19e028465d5d00cd2ecadc4558de05c6fa28bea3c817aa22,256,256,22223,13969,13672,43016,297,8551,0.75552608311229,0.6071047957371225,0.9787386355501467,0.6152184673536426,0.9931429363008797,0.8041807018272611,0.864990234375,0.7032399546905892,0.5193378490781044,37.141700040498584
80632d6be60c8462e50d51bcf5caf15308931603095d6b5e772a115cd0d0470c,640,512,41164,30678,28655,284493,2023,12509,0.7977227805461986,0.6635098525019103,0.9340569789425647,0.6961179671557671,0.9929393122897151,0.8445286397227412,0.95565185546875,0.7839625937598089,0.20972751489138575,25.473714896511513
52a4ac5a875be7a6c886035d54fb63f5f397dc43508c4831898f6b2f8debc7f3,256,256,1568,1785,1562,63745,223,6,0.9317029525797793,0.8721384701284198,0.8750700280112045,0.9961734693877551,0.9965138819409705,0.9963436756643628,0.9965057373046875,0.9319750642594256,0.008078089801225903,13.839285714285714
3a508d2dc03db46e7f97a2a30eabb62ab2886f3cedfea303de8f6a42e50d20eb,256,256,3182,3094,3005,62265,89,177,0.9576163161249204,0.918679302965454,0.9712346477052359,0.9443746071653049,0.9985726657471854,0.9714736364562451,0.995941162109375,0.9555889049570774,0.015839385393772325,2.765556253928347
f6863b83d75e5927b30e2e326405b588293283c25aaef2251b30c343296b9cb1,256,256,23015,18145,17873,42249,272,5142,0.8684645286686103,0.7675097693992357,0.9850096445301736,0.7765804909841407,0.9936031607911385,0.8850918258876397,0.917388916015625,0.8216277475758235,0.2602440006206006,21.160112969802302
81e2dd950e6df28a4fe202a40afa98b202981f65a5ca05b389749290eb87c883,256,256,1706,1620,1600,63810,20,106,0.9621166566446182,0.9269988412514485,0.9876543209876543,0.9378663540445487,0.9996866677111076,0.9687765108778281,0.998077392578125,0.9614694119638449,0.004658662988871639,5.041031652989449
fc22db33a2495f58f118bc182c0087e140df14ccb8dad51373e1a54381f683de,696,520,49964,47878,45702,309780,2176,4262,0.9342000367940149,0.8765247410817031,0.9545511508417227,0.9146985829797454,0.9930246573234687,0.953861620151607,0.9822115384615384,0.9242019034981442,0.04936635167660608,4.175006004323112
3b75fc03a1d12b29bd2870eb1f6fdb44174dbd1118dfc11c31f127bd87bd27ef,256,256,1182,1221,1168,64301,53,14,0.9721181856013317,0.945748987854251,0.9565929565929566,0.988155668358714,0.9991764303695186,0.9936660493641163,0.9989776611328125,0.9717304206309856,0.0028173992995725442,3.299492385786802
0287e7ee5b007c91ae2bd7628d09735e70496bc6127ecb7f3dd043e04ce37426,256,256,16236,14254,13844,48890,410,2392,0.9081010167267957,0.8316712723777484,0.9712361442402133,0.8526730721852673,0.9916835699797161,0.9221783210824916,0.957244873046875,0.8835640774152024,0.11625296041971317,12.207440256220744
68f833de9f8c631cedd7031b8ed9b908c42cbbc1e14254722728a8b7d596fd4c,256,256,2117,1674,1523,63268,151,594,0.8034819308889475,0.6715167548500882,0.9097968936678614,0.7194142654700048,0.9976190100758447,0.8585166377729248,0.9886322021484375,0.8035454566372849,0.03873339812397719,20.925838450637695
e5f8ad0f0a43af8ca57e31e16800108abdfb44a7e962a71d246f72d2dbde42bf,256,256,1193,1224,1182,64301,42,11,0.9780719900703351,0.957085020242915,0.9656862745098039,0.9907795473595976,0.9993472483409228,0.9950633978502602,0.9991912841796875,0.9777435779295853,0.0019952069894862492,2.5984911986588433
adc315bd40d699fd4e4effbcce81cd7162851007f485d754ad3b0472f73a86df,360,360,11949,28399,10843,100095,17556,1106,0.5374739764052742,0.367497034400949,0.38180921863445894,0.9074399531341535,0.8507789989035367,0.8791094760188451,0.8560030864197531,0.5302910554323457,0.6770382861322627,137.66842413591095
54793624413c7d0e048173f7aeee85de3277f7e8d47c82e0a854fe43e879cd12,1024,1024,20341,706,559,1028088,147,19782,0.053119209388511425,0.02728426395939086,0.7917847025495751,0.02748144142372548,0.9998570365723789,0.5136692389980522,0.9809942245483398,0.14536190969189217,0.0893320654693132,96.52917752322895
a486f6ed4b8781e7883e433d06a83dd66db3e8b36d45b9976c4214820ee22629,696,520,47930,46358,45050,312682,1308,2880,0.9555828949601222,0.9149437426378001,0.9717848052116139,0.9399123722094721,0.9958342622376509,0.9678733172235615,0.9884283819628648,0.949107053927413,0.029849017079477017,3.2797830168996454
fc9269fb2e651cd4a32b65ae164f79b0a2ea823e0a83508c85d7985a6bed43cf,256,256,786,864,784,64670,80,2,0.9503030303030303,0.9053117782909931,0.9074074074074074,0.9974554707379135,0.9987644787644787,0.9981099747511961,0.998748779296875,0.950761038957807,0.0032618610742736216,9.923664122137405
4cbd6c37f3a55a538d759d440344c287cac66260d3047a83f429e63e7a0f7f20,320,256,4254,3494,3393,77565,101,861,0.8758389261744967,0.7791044776119403,0.9710933028048082,0.7976022566995769,0.9986995596528726,0.8981509081762247,0.9882568359375,0.8743804433802995,0.03650220455093518,17.865538316878233
dabfee30b46d23569c63fa7253ef10b2407fbe8023035a5030252313cb718097,256,256,1613,1558,1503,63868,55,110,0.9479659413434248,0.9010791366906474,0.9646983311938383,0.9318040917544947,0.999139589819001,0.9654718407867479,0.9974822998046875,0.9468258585331959,0.005724190604420143,3.4097954122752636
0a7d30b252359a10fd298b638b90cb9ada3acced4e0c0e5a3692013f432ee4e9,256,256,9050,7145,6922,56263,223,2128,0.8548317381907996,0.7464682411301629,0.9687893631910427,0.7648618784530387,0.9960521191091598,0.8804569987810993,0.9641265869140625,0.8422794419410778,0.11843306092169734,21.049723756906076
ec031f176dafe0b36547068ce42eab39428ec7995dac1b3ea52d1db79b61fdeb,256,256,1323,1384,1318,64147,66,5,0.9737717029922424,0.9488840892728582,0.9523121387283237,0.9962207105064248,0.9989721707442418,0.9975964406253333,0.9989166259765625,0.9734766026795868,0.0025366874156705563,4.610733182161754
c169a7782a69ea2f38f64d2739de189e88adbcfd4a829721def8c89ecabe8b71,360,360,37446,33698,33571,92027,127,3875,0.943747891600135,0.8934873446357757,0.9962312303400795,0.89651765208567,0.998621872083686,0.947569762084678,0.9691203703703704,0.9249849151185356,0.09261009425147368,10.00907974149442
57d88f45e479ce3821839b2706d667758c63ac769d76800d815c73d2507c1e42,256,256,16029,10822,10328,49013,494,5701,0.7692823358534133,0.6250680869091569,0.9543522454259841,0.6443321479817831,0.9900216131052174,0.8171768805435002,0.9054718017578125,0.734370192252138,0.3531225877973644,32.48487117100256
53ad09e4348767bece0165884bf40c10b72ae18444e3f414a850442f02385efc,696,520,85603,81172,79731,274876,1441,5872,0.9561505021735872,0.9159850190708148,0.982247573054748,0.9314042732147237,0.9947849752277276,0.9630946242212257,0.9797938770999116,0.9435970432772244,0.05577165083437705,5.176220459563333
2227fd9b01d67c2bcdb407d3205214e6dfeff9fd0725828e3b3651959942ff4a,256,256,4942,4790,4191,59995,599,751,0.8612823674475956,0.7563616675690309,0.8749478079331942,0.8480372318899231,0.9901145327920257,0.9190758823409744,0.979400634765625,0.8502805522666376,0.09081863445734609,3.075677863213274
0b2e702f90aee4fff2bc6e4326308d50cf04701082e718d4f831c8959fbcda93,256,256,945,947,930,64574,17,15,0.9830866807610994,0.9667359667359667,0.9820485744456178,0.9841269841269841,0.99973680543729,0.9919318947821371,0.99951171875,0.982839530004224,0.001495762891347451,0.21164021164021163
0bf33d3db4282d918ec3da7112d0bf0427d4eafe74b3ee0bb419770eefe8d7d6,320,256,10120,9252,8726,71274,526,1394,0.9008878794135866,0.8196505729851588,0.9431474275832252,0.8622529644268775,0.9926740947075209,0.9274635295671991,0.9765625,0.8887756049986917,0.07256776140935832,8.577075098814229
a5e695fce80dc03efb6665a9ec14500ab47f4ee9f6437531388dd3cc32c90db1,640,512,44775,41771,39229,280363,2542,5546,0.9065468074781041,0.8290677769089334,0.9391443824663044,0.8761362367392518,0.9910146515614783,0.933575444150365,0.9753173828125,0.8930616344812968,0.07375334804672219,6.7091010608598545
e66a97b2c77f3d66a7d3cebbc6a36c8c6259368a397f7b67647ed80ad53aa776,256,256,1971,1941,1844,63468,97,127,0.9427402862985685,0.8916827852998066,0.9500257599175682,0.9355657026889903,0.9984740029890663,0.9670198528390284,0.99658203125,0.94100823182276,0.016462255059477366,1.5220700152207
20b20ab049372d184c705acebe7af026d3580f5fd5a72ed796e3622e1685af2f,1272,603,35882,32287,28952,727799,3335,6930,0.8494183573178424,0.7382512685825025,0.8967076532350482,0.8068669527896996,0.9954385926519626,0.901152772720831,0.9866169675730363,0.8437215995434381,0.03542059322963838,10.01895100607547
d4d6c683f249d82518431603bf0206d05f2114ac871a99ffade0f5f61cf167e1,256,256,1597,1638,1551,63852,87,46,0.958887171561051,0.921021377672209,0.9468864468864469,0.971195992485911,0.9986393281096044,0.9849176602977577,0.9979705810546875,0.9579278359665941,0.00478220584583203,2.567313713212273
27c30f9011492f234e4587c9a4b53c787037d486f658821196fe354240ac3c47,256,256,4963,5184,4854,60243,330,109,0.9567359810781512,0.9170602682788589,0.9363425925925926,0.9780374773322588,0.9945520281313457,0.9862947527318022,0.9933013916015625,0.9533731763191903,0.017205256009570565,4.452951843642958
3441821ebea04face181c9e2f4d0d09727c764827ac51b9e7fbadbebabeab225,360,360,38077,35547,35142,91118,405,2935,0.9546343583614039,0.9132061743152643,0.988606633471179,0.9229193476376816,0.9955748828163412,0.9592471152270114,0.9742283950617284,0.9377457720823266,0.07153100789522762,6.644431021351472
54cb3328e778d87f76062b0550e3bc190f46384acd8efbe58c297265d1906e84,256,256,4257,4236,3899,60942,337,358,0.9181679029789238,0.848715716151502,0.9204438149197356,0.9159032182287996,0.9945005629987435,0.9552018906137716,0.9893951416015625,0.9125013165005144,0.043185510876106614,0.49330514446793516
5ba4facefc949c920d7054813a3e846b000969da2ed860148bdfd18456f59bcc,360,360,40546,35855,35672,88871,183,4874,0.933809766887868,0.8758378550909671,0.9948961093292428,0.8797908548315494,0.9979450670379769,0.9388679609347632,0.9609799382716049,0.9097366181379254,0.1174034662341017,11.569575297193312
66612c188d73e931e1863af2c99d2af782c32f65fd97d224abb40bbadb87263f,256,256,3485,3577,3376,61850,201,109,0.9561030869442084,0.9158979924036896,0.9438076600503215,0.9687230989956959,0.9967607290776942,0.9827419140366951,0.995269775390625,0.9536941472640574,0.01705609586371598,2.6398852223816354
091944f1d2611c916b98c020bd066667e33f4639159b2a92407fe5a40788856d,1024,1024,13357,400,226,1035045,174,13131,0.03285600058152213,0.016702387111078264,0.565,0.016919967058471215,0.9998319196228045,0.5083759433406378,0.9873113632202148,0.09620268765222975,0.07376055600079655,97.00531556487235
2ab91a4408860ae8339689ed9f87aa9359de1bdd4ca5c2eab7fff7724dbd6707,256,256,4138,4498,3935,60835,563,203,0.9113015284854099,0.8370559455435014,0.8748332592263228,0.9509424842919285,0.9908303202058699,0.9708864022488992,0.988311767578125,0.905959175018261,0.048851892886494316,8.699855002416626
f9ea1a1159c33f39bbe5f18bb278d961188b40508277eab7c0b4b91219b37b5d,360,360,24834,23559,23326,104533,233,1508,0.9640237224391958,0.9305461363545697,0.9901099367545312,0.9392767979383104,0.9977759960292462,0.9685263969837783,0.9865663580246914,0.9562737761003514,0.03887401833141646,5.134090359990336
